msa_position,ungapped_position,pdb_residue_number,mapped,category,amino_acid
62,44,41,True,shared_same_aa,Y
73,48,45,True,shared_same_aa,R
76,51,48,True,shared_same_aa,D
80,55,52,True,shared_same_aa,D
219,115,114,True,shared_same_aa,D
257,130,129,True,shared_same_aa,Y
262,135,134,True,shared_same_aa,A
266,139,138,True,shared_same_aa,G
306,161,160,True,shared_same_aa,L
307,162,161,True,shared_same_aa,G
309,164,163,True,shared_same_aa,A
311,166,165,True,shared_same_aa,Q
314,169,168,True,shared_same_aa,N
317,172,171,True,shared_same_aa,R
318,173,172,True,shared_same_aa,D
322,177,176,True,shared_same_aa,D
328,183,181,True,shared_same_aa,R
330,185,183,True,shared_same_aa,Y
332,187,185,True,shared_same_aa,P
425,250,248,True,shared_same_aa,Y
55,37,34,True,unique_PSY,R
147,,,False,unique_PSY,G
303,158,157,True,unique_PSY,A
394,231,229,True,unique_PSY,G
398,235,233,True,unique_PSY,L
445,268,265,True,unique_PSY,R
29,14,11,True,unique_CrtM,C
39,22,19,True,unique_CrtM,S
42,25,22,True,unique_CrtM,F
45,28,25,True,unique_CrtM,A
46,29,26,True,unique_CrtM,F
49,32,29,True,unique_CrtM,L
50,33,30,True,unique_CrtM,P
57,39,36,True,unique_CrtM,A
58,40,37,True,unique_CrtM,V
60,42,39,True,unique_CrtM,A
71,46,43,True,unique_CrtM,F
72,47,44,True,unique_CrtM,C
77,52,49,True,unique_CrtM,D
112,67,65,True,unique_CrtM,L
174,88,87,True,unique_CrtM,W
176,90,89,True,unique_CrtM,A
177,91,90,True,unique_CrtM,L
205,105,104,True,unique_CrtM,F
215,111,110,True,unique_CrtM,G
216,112,111,True,unique_CrtM,Q
259,132,131,True,unique_CrtM,Y
261,134,133,True,unique_CrtM,V
265,138,137,True,unique_CrtM,V
268,141,140,True,unique_CrtM,M
269,142,141,True,unique_CrtM,L
271,144,143,True,unique_CrtM,P
310,165,164,True,unique_CrtM,M
313,168,167,True,unique_CrtM,T
315,170,169,True,unique_CrtM,I
316,171,170,True,unique_CrtM,L
320,175,174,True,unique_CrtM,G
321,176,175,True,unique_CrtM,E
372,210,208,True,unique_CrtM,F
376,214,212,True,unique_CrtM,W
377,215,213,True,unique_CrtM,E
380,218,216,True,unique_CrtM,A
383,221,219,True,unique_CrtM,A
387,225,223,True,unique_CrtM,Y
428,253,251,True,unique_CrtM,I
429,254,252,True,unique_CrtM,L
433,258,256,True,unique_CrtM,R
438,262,260,True,unique_CrtM,Y
448,271,268,True,unique_CrtM,V
